Linux 3.13.0-100-generic (ip-172-31-5-56) 	12/30/2016 	_x86_64_	(1 CPU)

12:53:36 PM     CPU     %user     %nice   %system   %iowait    %steal     %idle
12:53:37 PM     all      0.00      0.00      0.00      0.00      0.00    100.00
12:53:38 PM     all      0.00      0.00      0.00      0.00      0.00    100.00
12:53:39 PM     all      0.00      0.00      0.00      0.00      0.00    100.00
12:53:40 PM     all      0.00      0.00      0.00      0.00      0.00    100.00
12:53:41 PM     all      0.00      0.00      0.00      0.00      0.00    100.00
12:53:42 PM     all      0.00      0.00      0.00      0.00      0.00    100.00
12:53:43 PM     all      1.01      0.00      0.00      0.00      0.00     98.99
12:53:44 PM     all      0.00      0.00      0.00      0.00      0.00    100.00
12:53:45 PM     all      0.00      0.00      0.00      0.00      0.00    100.00
12:53:46 PM     all      0.00      0.00      0.00      0.00      0.00    100.00
12:53:47 PM     all      0.00      0.00      0.00      0.00      0.00    100.00
12:53:48 PM     all      0.00      0.00      1.00      0.00      0.00     99.00
12:53:49 PM     all      0.00      0.00      0.00      0.00      0.00    100.00
12:53:50 PM     all      0.00      0.00      0.00      0.00      0.00    100.00
12:53:51 PM     all      0.99      0.00      0.00      0.00      0.99     98.02
12:53:52 PM     all      0.00      0.00      0.99      0.00      0.00     99.01
12:53:53 PM     all      0.00      0.00      0.00      0.00      0.00    100.00
12:53:54 PM     all      0.00      0.00      1.00      0.00      0.00     99.00
12:53:55 PM     all      0.99      0.00      0.00      0.99      0.00     98.02
12:53:56 PM     all      1.00      0.00      1.00      0.00      0.00     98.00
12:53:57 PM     all      0.00      0.00      0.00      0.00      0.00    100.00
12:53:58 PM     all      0.00      0.00      0.00      0.00      0.00    100.00
12:53:59 PM     all      0.00      0.00      0.00      0.00      0.00    100.00
12:54:00 PM     all      0.00      0.00      0.00      0.00      0.00    100.00
12:54:01 PM     all      0.00      0.00      0.00      0.00      0.00    100.00
12:54:02 PM     all      0.00      0.00      0.00      0.00      0.00    100.00
12:54:03 PM     all      0.00      0.00      0.00      0.00      0.00    100.00
12:54:04 PM     all      0.00      0.00      0.00      0.00      0.00    100.00
12:54:05 PM     all      0.00      0.00      0.00      0.00      0.00    100.00
12:54:06 PM     all      0.00      0.00      0.00      0.00      0.00    100.00
12:54:07 PM     all      0.00      0.00      0.00      0.00      0.00    100.00
12:54:08 PM     all      0.00      0.00      0.00      0.00      0.00    100.00
12:54:09 PM     all      0.00      0.00      0.00      0.00      0.00    100.00
12:54:10 PM     all      0.00      0.00      0.00      0.00      0.00    100.00
12:54:11 PM     all      0.00      0.00      0.00      0.00      0.00    100.00
12:54:12 PM     all      0.00      0.00      0.00      0.00      0.00    100.00
12:54:13 PM     all      0.00      0.00      0.00      0.00      0.00    100.00
12:54:14 PM     all      1.00      0.00      0.00      0.00      0.00     99.00
12:54:15 PM     all      0.00      0.00      0.00      0.00      0.00    100.00
12:54:16 PM     all      0.00      0.00      0.00      0.00      0.00    100.00
12:54:17 PM     all      0.00      0.00      0.00      0.00      0.00    100.00
12:54:18 PM     all      0.00      0.00      0.00      0.00      0.00    100.00
12:54:19 PM     all      0.00      0.00      0.00      0.00      0.00    100.00
12:54:20 PM     all      0.00      0.00      0.00      0.00      0.00    100.00
12:54:21 PM     all      0.99      0.00      0.00      0.99      0.00     98.02
12:54:22 PM     all      0.00      0.00      0.00      0.00      0.00    100.00
12:54:23 PM     all      0.00      0.00      0.00      0.00      0.00    100.00
12:54:24 PM     all      0.00      0.00      0.00      0.00      0.00    100.00
12:54:25 PM     all      0.99      0.00      0.00      0.00      0.00     99.01
12:54:26 PM     all      0.00      0.00      1.01      3.03      0.00     95.96
12:54:27 PM     all      0.00      0.00      0.00      0.00      0.00    100.00
12:54:28 PM     all      1.00      0.00      0.00      0.00      0.00     99.00
12:54:29 PM     all      0.00      0.00      0.00      1.00      0.00     99.00
12:54:30 PM     all     15.84      0.00      0.99      0.00      0.00     83.17
12:54:31 PM     all     50.52      0.00      1.03      0.00      0.00     48.45
12:54:32 PM     all      7.45      0.00      1.06      0.00      1.06     90.43
12:54:33 PM     all     11.46      0.00      3.12      0.00      0.00     85.42
12:54:34 PM     all      5.43      0.00      1.09      0.00      0.00     93.48
12:54:35 PM     all     10.75      0.00      5.38     13.98      0.00     69.89
12:54:36 PM     all     11.96      0.00      2.17      0.00      0.00     85.87
12:54:37 PM     all      8.70      0.00      1.09      0.00      1.09     89.13
12:54:38 PM     all     12.63      0.00      1.05      0.00      0.00     86.32
12:54:39 PM     all      9.68      0.00      1.08      0.00      0.00     89.25
12:54:40 PM     all      4.30      0.00      2.15      1.08      1.08     91.40
12:54:41 PM     all      5.49      0.00      2.20      2.20      0.00     90.11
12:54:42 PM     all     22.83      0.00      6.52      6.52      0.00     64.13
12:54:43 PM     all     18.48      0.00      0.00      0.00      0.00     81.52
12:54:44 PM     all     16.84      0.00      2.11      0.00      0.00     81.05
12:54:45 PM     all     22.58      0.00      1.08      0.00      1.08     75.27
12:54:46 PM     all     17.20      0.00      1.08      0.00      0.00     81.72
12:54:47 PM     all      5.49      0.00      1.10      1.10      0.00     92.31
12:54:48 PM     all     10.53      0.00      2.11      0.00      1.05     86.32
12:54:49 PM     all     17.78      2.22      3.33     11.11      0.00     65.56
12:54:50 PM     all     16.30      2.17      3.26      6.52      0.00     71.74
12:54:51 PM     all     19.78      2.20      2.20      2.20      0.00     73.63
12:54:52 PM     all     10.99      0.00      5.49      4.40      1.10     78.02
12:54:53 PM     all      9.78      2.17      4.35      2.17      0.00     81.52
12:54:54 PM     all     11.36      1.14      1.14      4.55      1.14     80.68
12:54:55 PM     all      6.82      1.14      4.55      1.14      0.00     86.36
12:54:56 PM     all     16.30      1.09      9.78     13.04      0.00     59.78
12:54:57 PM     all      9.78      1.09      2.17      2.17      1.09     83.70
12:54:58 PM     all      6.38      2.13      5.32      5.32      0.00     80.85
12:54:59 PM     all     13.19      0.00      1.10      0.00      0.00     85.71
12:55:00 PM     all      8.79      0.00      2.20      1.10      1.10     86.81
12:55:01 PM     all      3.30      0.00      1.10      0.00      0.00     95.60
12:55:02 PM     all      2.13      0.00      3.19      4.26      0.00     90.43
12:55:03 PM     all     13.68      0.00      2.11      0.00      0.00     84.21
12:55:04 PM     all      8.60      0.00      5.38      9.68      1.08     75.27
12:55:05 PM     all      2.22      0.00      1.11      4.44      0.00     92.22
12:55:06 PM     all     17.39      0.00      0.00      0.00      0.00     82.61
12:55:07 PM     all      5.26      0.00      1.05      0.00      1.05     92.63
12:55:08 PM     all      3.12      0.00      1.04      2.08      0.00     93.75
12:55:09 PM     all      1.10      0.00      3.30      0.00      0.00     95.60
12:55:10 PM     all      5.43      0.00      1.09      0.00      0.00     93.48
12:55:11 PM     all      7.69      0.00      5.49     10.99      0.00     75.82
12:55:12 PM     all      3.26      0.00      1.09      1.09      1.09     93.48
12:55:13 PM     all      3.26      0.00      2.17      0.00      0.00     94.57
12:55:14 PM     all      3.30      0.00      1.10      0.00      1.10     94.51
12:55:15 PM     all     14.89      0.00      2.13      0.00      0.00     82.98
12:55:16 PM     all     36.17      0.00      1.06      4.26      0.00     58.51
12:55:17 PM     all      1.10      0.00      3.30      3.30      0.00     92.31
12:55:18 PM     all     23.91      3.26      9.78     15.22      0.00     47.83
12:55:19 PM     all      5.62      1.12      3.37      2.25      1.12     86.52
12:55:20 PM     all      2.30      2.30      2.30      4.60      0.00     88.51
12:55:21 PM     all     10.87      2.17      4.35      1.09      1.09     80.43
12:55:22 PM     all      3.41      2.27      2.27      2.27      0.00     89.77
12:55:23 PM     all     13.64      1.14      2.27      4.55      0.00     78.41
12:55:24 PM     all     29.59      1.02      9.18      9.18      1.02     50.00
12:55:25 PM     all     20.43      1.08      5.38      3.23      0.00     69.89
12:55:26 PM     all     30.85      1.06      3.19      6.38      0.00     58.51
12:55:27 PM     all      4.40      2.20      2.20     12.09      1.10     78.02
12:55:28 PM     all      8.60      1.08      3.23      4.30      0.00     82.80
12:55:29 PM     all      4.49      1.12      4.49      3.37      0.00     86.52
12:55:30 PM     all     19.15      2.13      6.38     13.83      1.06     57.45
12:55:31 PM     all     38.71      1.08      2.15      1.08      0.00     56.99
12:55:32 PM     all     35.48      3.23      1.08      1.08      0.00     59.14
12:55:33 PM     all      8.89      2.22      1.11      3.33      1.11     83.33
12:55:34 PM     all      2.25      1.12      3.37      2.25      0.00     91.01
12:55:35 PM     all      7.53      2.15      4.30      3.23      0.00     82.80
12:55:36 PM     all     26.60      3.19      2.13      4.26      1.06     62.77
12:55:37 PM     all     66.33      2.04      9.18      0.00      0.00     22.45
12:55:38 PM     all      8.99      2.25      1.12      3.37      0.00     84.27
12:55:39 PM     all      3.33      2.22      2.22      1.11      1.11     90.00
12:55:40 PM     all      6.32      4.21      2.11      3.16      0.00     84.21
12:55:41 PM     all      4.40      1.10      3.30      2.20      0.00     89.01
12:55:42 PM     all     11.96      1.09      2.17      3.26      0.00     81.52
12:55:43 PM     all      4.40      3.30      3.30      3.30      1.10     84.62
12:55:44 PM     all      8.89      1.11      5.56      5.56      0.00     78.89
12:55:45 PM     all      9.89      1.10      3.30     13.19      1.10     71.43
12:55:46 PM     all      5.62      1.12      3.37      2.25      0.00     87.64
12:55:47 PM     all      3.45      0.00      3.45      0.00      0.00     93.10
12:55:48 PM     all      3.23      3.23      6.45      0.00      1.08     86.02
12:55:49 PM     all      7.69      2.20      4.40      1.10      0.00     84.62
12:55:50 PM     all      4.35      3.26      3.26      1.09      1.09     86.96
12:55:51 PM     all     16.67      1.11      5.56      6.67      0.00     70.00
12:55:52 PM     all      4.49      1.12      6.74      4.49      0.00     83.15
12:55:53 PM     all      4.49      2.25      2.25      2.25      0.00     88.76
12:55:54 PM     all      4.35      2.17      6.52      0.00      1.09     85.87
12:55:55 PM     all      9.78      2.17      3.26      1.09      0.00     83.70
12:55:56 PM     all      3.23      2.15      4.30      0.00      1.08     89.25
12:55:57 PM     all     20.83      2.08     10.42      1.04      0.00     65.62
12:55:58 PM     all      4.44      1.11      5.56     10.00      0.00     78.89
12:55:59 PM     all      6.59      1.10      4.40      1.10      0.00     86.81
12:56:00 PM     all      9.89      2.20      2.20      0.00      1.10     84.62
12:56:01 PM     all     14.29      2.20      2.20      2.20      0.00     79.12
12:56:02 PM     all     12.90      1.08      3.23      1.08      1.08     80.65
12:56:03 PM     all      5.49      2.20      4.40      1.10      0.00     86.81
12:56:04 PM     all     10.64      3.19      9.57     12.77      0.00     63.83
12:56:05 PM     all     17.58      2.20      2.20      3.30      0.00     74.73
12:56:06 PM     all      2.27      2.27      2.27      1.14      1.14     90.91
12:56:07 PM     all      3.30      1.10      3.30      3.30      0.00     89.01
12:56:08 PM     all      6.45      3.23      3.23      6.45      1.08     79.57
12:56:09 PM     all      2.20      0.00      0.00      0.00      0.00     97.80
12:56:10 PM     all      8.60      0.00      1.08      3.23      0.00     87.10
12:56:11 PM     all     56.57      4.04      9.09      1.01      0.00     29.29
12:56:12 PM     all     20.43      2.15      4.30      0.00      0.00     73.12
12:56:13 PM     all     13.04      2.17      4.35      3.26      1.09     76.09
12:56:14 PM     all      4.17      4.17      5.21      4.17      0.00     82.29
12:56:15 PM     all      5.49      2.20      4.40      1.10      1.10     85.71
12:56:16 PM     all      3.41      2.27      2.27      2.27      0.00     89.77
12:56:17 PM     all      4.65      2.33      5.81     11.63      0.00     75.58
12:56:18 PM     all      6.25      1.04      6.25      6.25      1.04     79.17
12:56:19 PM     all      4.49      1.12      2.25      2.25      0.00     89.89
12:56:20 PM     all      3.26      1.09      1.09      4.35      1.09     89.13
12:56:21 PM     all      2.17      0.00      1.09      3.26      0.00     93.48
12:56:22 PM     all      2.17      0.00      2.17      0.00      0.00     95.65
12:56:23 PM     all      6.38      0.00      3.19      3.19      0.00     87.23
12:56:24 PM     all     14.29      0.00      5.49      7.69      1.10     71.43
12:56:25 PM     all      1.10      0.00      3.30      0.00      0.00     95.60
12:56:26 PM     all      2.13      0.00      3.19      4.26      0.00     90.43
12:56:27 PM     all      3.30      0.00      1.10      0.00      1.10     94.51
12:56:28 PM     all      5.49      0.00      1.10      0.00      0.00     93.41
12:56:29 PM     all      5.43      0.00      1.09      3.26      0.00     90.22
12:56:30 PM     all      9.78      0.00      3.26     14.13      1.09     71.74
12:56:31 PM     all      1.10      0.00      3.30      1.10      0.00     94.51
12:56:32 PM     all      7.69      0.00      1.10      3.30      0.00     87.91
12:56:33 PM     all      3.33      0.00      1.11      0.00      1.11     94.44
12:56:34 PM     all      4.35      0.00      3.26      1.09      0.00     91.30
12:56:35 PM     all      3.33      0.00      0.00      0.00      0.00     96.67
12:56:36 PM     all     10.00      0.00      2.22      0.00      0.00     87.78
12:56:37 PM     all     11.46      3.12     11.46     16.67      1.04     56.25
12:56:38 PM     all      2.22      4.44      2.22      2.22      0.00     88.89
12:56:39 PM     all      4.17      3.12      6.25      5.21      1.04     80.21
12:56:40 PM     all      4.44      2.22      4.44      5.56      0.00     83.33
12:56:41 PM     all      4.40      2.20      5.49      0.00      0.00     87.91
12:56:42 PM     all      7.87      0.00      4.49      0.00      1.12     86.52
12:56:43 PM     all      7.95      2.27      5.68     11.36      0.00     72.73
12:56:44 PM     all      3.30      1.10      3.30      3.30      1.10     87.91
12:56:45 PM     all      3.33      2.22      4.44      4.44      0.00     85.56
12:56:46 PM     all      4.40      0.00      2.20      4.40      0.00     89.01
12:56:47 PM     all      1.10      0.00      2.20      3.30      1.10     92.31
12:56:48 PM     all      1.10      0.00      2.20      0.00      0.00     96.70
12:56:49 PM     all      3.26      0.00      2.17      0.00      1.09     93.48
12:56:50 PM     all     15.73      0.00      4.49      7.87      0.00     71.91
12:56:51 PM     all      2.22      0.00      1.11      0.00      0.00     96.67
12:56:52 PM     all      1.12      0.00      1.12      0.00      0.00     97.75
12:56:53 PM     all      2.22      0.00      1.11      0.00      0.00     96.67
12:56:54 PM     all      6.52      0.00      1.09      0.00      1.09     91.30
12:56:55 PM     all      2.20      0.00      2.20      0.00      0.00     95.60
12:56:56 PM     all      6.67      0.00      6.67     14.44      1.11     71.11
12:56:57 PM     all      3.30      0.00      1.10      0.00      0.00     95.60
12:56:58 PM     all      5.43      0.00      2.17      3.26      0.00     89.13
12:56:59 PM     all      4.44      0.00      1.11      0.00      0.00     94.44
12:57:00 PM     all      1.10      0.00      2.20      0.00      1.10     95.60
12:57:01 PM     all      3.16      0.00      3.16      4.21      0.00     89.47
12:57:02 PM     all      0.00      0.00      2.17      0.00      1.09     96.74
12:57:03 PM     all      6.59      5.49      8.79     16.48      0.00     62.64
12:57:04 PM     all      2.15      3.23      3.23      3.23      0.00     88.17
12:57:05 PM     all      1.09      2.17      2.17      0.00      0.00     94.57
12:57:06 PM     all      4.26      3.19      2.13      2.13      1.06     87.23
12:57:07 PM     all      1.09      0.00      2.17      2.17      0.00     94.57
12:57:08 PM     all      2.30      1.15      2.30      2.30      1.15     90.80
12:57:09 PM     all     10.99      1.10      5.49      2.20      0.00     80.22
12:57:10 PM     all     11.24      1.12      4.49      3.37      0.00     79.78
12:57:11 PM     all     27.37      2.11     12.63     16.84      0.00     41.05
12:57:12 PM     all      6.74      1.12      2.25      2.25      1.12     86.52
12:57:13 PM     all      3.41      1.14      4.55      1.14      0.00     89.77
12:57:14 PM     all      2.20      2.20      4.40      2.20      1.10     87.91
12:57:15 PM     all      1.11      1.11      4.44      2.22      0.00     91.11
12:57:16 PM     all      3.30      1.10      5.49      1.10      0.00     89.01
12:57:17 PM     all      4.44      2.22      8.89      8.89      1.11     74.44
12:57:18 PM     all      3.41      1.14      3.41      9.09      0.00     82.95
12:57:19 PM     all      5.56      1.11      2.22      3.33      1.11     86.67
12:57:20 PM     all      4.55      2.27      1.14      5.68      0.00     86.36
12:57:21 PM     all      3.37      1.12      4.49      3.37      0.00     87.64
12:57:22 PM     all      1.15      1.15      1.15      1.15      1.15     94.25
12:57:23 PM     all      5.62      0.00     11.24     12.36      0.00     70.79
12:57:24 PM     all      4.49      2.25      2.25      6.74      1.12     83.15
12:57:25 PM     all      2.25      1.12      4.49      1.12      0.00     91.01
12:57:26 PM     all      4.40      2.20      4.40      5.49      0.00     83.52
12:57:27 PM     all      1.10      2.20      5.49      1.10      1.10     89.01
12:57:28 PM     all      4.49      2.25      5.62      2.25      0.00     85.39
12:57:29 PM     all      2.20      0.00      5.49      4.40      1.10     86.81
12:57:30 PM     all     11.24      1.12      8.99     11.24      0.00     67.42
12:57:31 PM     all      3.33      2.22      5.56      1.11      0.00     87.78
12:57:32 PM     all      2.15      2.15      5.38      1.08      1.08     88.17
12:57:33 PM     all      3.49      1.16      2.33      0.00      0.00     93.02
12:57:34 PM     all      3.33      1.11      4.44      0.00      1.11     90.00
12:57:35 PM     all      3.45      2.30      2.30      3.45      0.00     88.51
12:57:36 PM     all      6.59      2.20     12.09     10.99      0.00     68.13
12:57:37 PM     all      2.22      0.00      5.56      1.11      1.11     90.00
12:57:38 PM     all      6.67      2.22      4.44      1.11      0.00     85.56
12:57:39 PM     all      3.41      2.27      1.14      2.27      1.14     89.77
12:57:40 PM     all      4.40      2.20      3.30      1.10      0.00     89.01
12:57:41 PM     all      2.25      0.00      3.37      1.12      0.00     93.26
12:57:42 PM     all      6.52      2.17     10.87      8.70      0.00     71.74
12:57:43 PM     all      4.44      2.22      3.33      2.22      1.11     86.67
12:57:44 PM     all      2.25      2.25      4.49      1.12      0.00     89.89
12:57:45 PM     all      4.49      2.25      2.25      5.62      1.12     84.27
12:57:46 PM     all      1.14      3.41      3.41      2.27      0.00     89.77
12:57:47 PM     all      9.09      1.14      3.41      0.00      0.00     86.36
12:57:48 PM     all     20.65      2.17      6.52     11.96      1.09     57.61
12:57:49 PM     all      3.33      2.22      3.33      7.78      0.00     83.33
12:57:50 PM     all      2.22      2.22      5.56      2.22      1.11     86.67
12:57:51 PM     all      1.11      2.22      4.44      2.22      0.00     90.00
12:57:52 PM     all      4.44      2.22      5.56      2.22      0.00     85.56
12:57:53 PM     all     28.57      1.10      3.30      5.49      0.00     61.54
12:57:54 PM     all     44.21      1.05     10.53      1.05      1.05     42.11
12:57:55 PM     all      2.27      2.27      4.55      9.09      0.00     81.82
12:57:56 PM     all      3.37      1.12      2.25      0.00      1.12     92.13
12:57:57 PM     all      6.74      1.12      2.25      2.25      0.00     87.64
12:57:58 PM     all      3.37      2.25      3.37      1.12      0.00     89.89
12:57:59 PM     all      4.49      1.12      2.25      0.00      1.12     91.01
12:58:00 PM     all      4.35      1.09      4.35      1.09      0.00     89.13
12:58:01 PM     all     27.37      2.11      9.47      8.42      0.00     52.63
12:58:02 PM     all      4.26      1.06      5.32      3.19      1.06     85.11
12:58:03 PM     all      2.25      0.00      5.62      0.00      0.00     92.13
12:58:04 PM     all      7.61      2.17      4.35      7.61      0.00     78.26
12:58:05 PM     all      5.49      1.10      3.30      1.10      1.10     87.91
12:58:06 PM     all      3.30      0.00      3.30      2.20      0.00     91.21
12:58:07 PM     all      4.30      2.15      3.23      4.30      1.08     84.95
12:58:08 PM     all     10.99      1.10      8.79      5.49      0.00     73.63
12:58:09 PM     all      7.78      1.11      2.22      4.44      0.00     84.44
12:58:10 PM     all      2.20      0.00      1.10      3.30      1.10     92.31
12:58:11 PM     all      7.37      0.00      3.16      0.00      0.00     89.47
12:58:12 PM     all     32.98      0.00      1.06      1.06      0.00     64.89
12:58:13 PM     all     13.19      0.00      1.10      0.00      0.00     85.71
12:58:14 PM     all      3.19      0.00      0.00      0.00      1.06     95.74
12:58:15 PM     all      8.51      0.00      6.38      7.45      0.00     77.66
12:58:16 PM     all      1.11      0.00      1.11      2.22      0.00     95.56
12:58:17 PM     all      2.17      0.00      4.35      2.17      1.09     90.22
12:58:18 PM     all     15.05      0.00      1.08      0.00      0.00     83.87
12:58:19 PM     all      3.26      0.00      1.09      0.00      0.00     95.65
12:58:20 PM     all      3.23      0.00      2.15      0.00      1.08     93.55
12:58:21 PM     all      7.53      4.30      7.53     15.05      0.00     65.59
12:58:22 PM     all      1.11      1.11      5.56      0.00      0.00     92.22
12:58:23 PM     all      5.49      0.00      5.49      0.00      1.10     87.91
12:58:24 PM     all      1.14      1.14      3.41      2.27      0.00     92.05
12:58:25 PM     all      3.37      1.12      3.37      2.25      0.00     89.89
12:58:26 PM     all     11.70      3.19      4.26      1.06      1.06     78.72
12:58:27 PM     all      5.32      0.00      3.19      1.06      0.00     90.43
12:58:28 PM     all     10.23      1.14      7.95      5.68      0.00     75.00
12:58:29 PM     all      1.09      1.09      4.35      2.17      1.09     90.22
12:58:30 PM     all      7.87      1.12      1.12      2.25      0.00     87.64
12:58:31 PM     all      4.30      0.00      1.08      2.15      1.08     91.40
12:58:32 PM     all      1.09      0.00      2.17      0.00      0.00     96.74
12:58:33 PM     all      4.40      0.00      1.10      0.00      0.00     94.51
12:58:34 PM     all      4.49      0.00      2.25      1.12      0.00     92.13
12:58:35 PM     all      6.52      0.00      4.35      4.35      1.09     83.70
12:58:36 PM     all     11.83      0.00      2.15      0.00      0.00     86.02
12:58:37 PM     all      3.26      0.00      1.09      0.00      0.00     95.65
12:58:38 PM     all      2.13      0.00      3.19      0.00      1.06     93.62
12:58:39 PM     all      6.38      0.00      3.19      8.51      0.00     81.91
12:58:40 PM     all      2.20      0.00      1.10      2.20      0.00     94.51
12:58:41 PM     all     11.70      0.00      5.32      6.38      0.00     76.60
12:58:42 PM     all      1.08      0.00      2.15      0.00      1.08     95.70
12:58:43 PM     all      3.23      0.00      2.15      3.23      0.00     91.40
12:58:44 PM     all      3.23      0.00      1.08      0.00      1.08     94.62
12:58:45 PM     all      1.12      0.00      1.12      0.00      0.00     97.75
12:58:46 PM     all      2.17      0.00      2.17      1.09      0.00     94.57
12:58:47 PM     all      4.30      0.00      2.15      0.00      0.00     93.55
12:58:48 PM     all     10.53      3.16      9.47     13.68      1.05     62.11
12:58:49 PM     all      6.59      1.10      5.49      1.10      0.00     85.71
12:58:50 PM     all      3.16      1.05      6.32      2.11      1.05     86.32
12:58:51 PM     all      2.38      0.00      2.38      2.38      0.00     92.86
12:58:52 PM     all      5.62      0.00      2.25      1.12      0.00     91.01
12:58:53 PM     all     24.47      1.06      3.19      4.26      0.00     67.02
12:58:54 PM     all     10.00      2.22      5.56      0.00      1.11     81.11
12:58:55 PM     all      4.40      2.20      6.59     10.99      0.00     75.82
12:58:56 PM     all      6.74      1.12      3.37      6.74      1.12     80.90
12:58:57 PM     all      3.30      2.20      4.40      4.40      0.00     85.71
12:58:58 PM     all      3.37      0.00      3.37      0.00      0.00     93.26
12:58:59 PM     all     15.38      1.10      3.30      0.00      1.10     79.12
12:59:00 PM     all      2.15      1.08      5.38      2.15      0.00     89.25
12:59:01 PM     all     36.17      1.06     10.64      1.06      0.00     51.06
12:59:02 PM     all     16.85      0.00      1.12      1.12      1.12     79.78
12:59:03 PM     all      2.17      1.09      3.26      1.09      0.00     92.39
12:59:04 PM     all     14.44      2.22      2.22      1.11      0.00     80.00
12:59:05 PM     all     74.75      0.00      5.05      0.00      0.00     20.20
12:59:06 PM     all     73.20      2.06      3.09      0.00      0.00     21.65
12:59:07 PM     all      5.32      2.13      9.57      1.06      1.06     80.85
12:59:08 PM     all      5.43      2.17      3.26     10.87      0.00     78.26
12:59:09 PM     all      3.26      2.17      4.35      4.35      1.09     84.78
12:59:10 PM     all      2.25      1.12      3.37      0.00      0.00     93.26
12:59:11 PM     all     18.68      1.10      2.20      1.10      0.00     76.92
12:59:12 PM     all      8.70      2.17      3.26      0.00      1.09     84.78
12:59:13 PM     all     22.58      1.08      2.15      3.23      0.00     70.97
12:59:14 PM     all     88.00      2.00     10.00      0.00      0.00      0.00
12:59:15 PM     all     29.35      1.09      4.35      2.17      0.00     63.04
12:59:16 PM     all      0.00      1.09      4.35      0.00      1.09     93.48
12:59:17 PM     all      2.30      1.15      1.15      0.00      0.00     95.40
12:59:18 PM     all     41.05      1.05      4.21      0.00      0.00     53.68
12:59:19 PM     all      5.43      2.17      3.26      3.26      0.00     85.87
12:59:20 PM     all      3.33      1.11      2.22      1.11      1.11     91.11
12:59:21 PM     all      6.74      2.25      6.74      8.99      0.00     75.28
12:59:22 PM     all     10.75      0.00      5.38      2.15      1.08     80.65
12:59:23 PM     all      3.30      2.20      3.30      0.00      0.00     91.21
12:59:24 PM     all      4.60      0.00      2.30      0.00      0.00     93.10
12:59:25 PM     all      2.17      0.00      3.26      1.09      1.09     92.39
12:59:26 PM     all      2.25      2.25      3.37      0.00      0.00     92.13
12:59:27 PM     all     12.09      1.10      9.89      5.49      0.00     71.43
12:59:28 PM     all      4.26      2.13      4.26      0.00      1.06     88.30
12:59:29 PM     all      7.69      1.10      4.40      2.20      0.00     84.62
12:59:30 PM     all      2.22      1.11      4.44      0.00      0.00     92.22
12:59:31 PM     all      2.20      2.20      3.30      1.10      1.10     90.11
12:59:32 PM     all      3.23      1.08      3.23      0.00      0.00     92.47
12:59:33 PM     all     11.46      3.12      8.33      6.25      1.04     69.79
12:59:34 PM     all      4.30      3.23      5.38      5.38      0.00     81.72
12:59:35 PM     all      2.20      3.30      3.30      2.20      0.00     89.01
12:59:36 PM     all      3.41      1.14      3.41      2.27      0.00     89.77
12:59:37 PM     all      1.14      0.00      3.41      0.00      1.14     94.32
12:59:38 PM     all      1.11      2.22      3.33      2.22      0.00     91.11
12:59:39 PM     all     16.30      1.09      8.70      7.61      1.09     65.22
12:59:40 PM     all      1.12      1.12      3.37      4.49      0.00     89.89
12:59:41 PM     all      2.22      1.11      6.67      0.00      0.00     90.00
12:59:42 PM     all      4.17      2.08      6.25      0.00      1.04     86.46
12:59:43 PM     all      8.99      1.12      2.25      2.25      0.00     85.39
12:59:44 PM     all     91.92      0.00      3.03      0.00      0.00      5.05
12:59:45 PM     all      5.43      1.09      9.78     10.87      1.09     71.74
12:59:46 PM     all      2.20      1.10      4.40      0.00      0.00     92.31
12:59:47 PM     all      2.17      1.09      5.43      3.26      0.00     88.04
12:59:48 PM     all      3.26      1.09      6.52      1.09      0.00     88.04
12:59:49 PM     all      5.43      0.00      4.35      7.61      1.09     81.52
12:59:50 PM     all      2.22      2.22      4.44      3.33      0.00     87.78
12:59:51 PM     all      7.69      2.20      6.59      8.79      1.10     73.63
12:59:52 PM     all      7.69      0.00      5.49      3.30      0.00     83.52
12:59:53 PM     all      4.40      2.20      5.49      5.49      0.00     82.42
12:59:54 PM     all      1.10      0.00      2.20      0.00      1.10     95.60
12:59:55 PM     all      2.22      0.00      1.11      5.56      0.00     91.11
12:59:56 PM     all      1.09      0.00      1.09      0.00      1.09     96.74
12:59:57 PM     all      6.52      0.00      2.17      0.00      0.00     91.30
12:59:58 PM     all     19.78      0.00      4.40      6.59      0.00     69.23
12:59:59 PM     all      1.08      0.00      1.08      0.00      0.00     97.85
01:00:00 PM     all      4.21      0.00      2.11      2.11      0.00     91.58
01:00:01 PM     all      1.08      0.00      2.15      1.08      1.08     94.62
01:00:02 PM     all      0.00      0.00      0.00      0.00      0.00    100.00
01:00:03 PM     all      1.05      0.00      0.00      0.00      0.00     98.95
01:00:04 PM     all      2.08      0.00      2.08      0.00      1.04     94.79
01:00:05 PM     all      5.43      0.00      0.00      0.00      0.00     94.57
01:00:06 PM     all      4.35      2.17      9.78     15.22      0.00     68.48
01:00:07 PM     all      3.33      1.11      2.22      2.22      0.00     91.11
01:00:08 PM     all      3.26      1.09      4.35      1.09      1.09     89.13
01:00:09 PM     all      1.10      2.20      5.49      6.59      0.00     84.62
01:00:10 PM     all      1.09      2.17      5.43      0.00      1.09     90.22
01:00:11 PM     all      6.38      2.13      3.19      0.00      0.00     88.30
01:00:12 PM     all      2.17      1.09      6.52      2.17      0.00     88.04
01:00:13 PM     all      7.53      1.08      8.60     11.83      1.08     69.89
01:00:14 PM     all      1.12      1.12      3.37      5.62      0.00     88.76
01:00:15 PM     all     12.09      1.10      1.10      5.49      1.10     79.12
01:00:16 PM     all      1.12      0.00      1.12      3.37      0.00     94.38
01:00:17 PM     all      2.17      0.00      1.09      0.00      0.00     96.74
01:00:18 PM     all      2.13      0.00      3.19      1.06      0.00     93.62
01:00:19 PM     all      2.13      0.00      3.19      3.19      1.06     90.43
01:00:20 PM     all      9.89      0.00      3.30      6.59      0.00     80.22
01:00:21 PM     all      1.10      0.00      1.10      0.00      0.00     97.80
01:00:22 PM     all      2.22      0.00      2.22      2.22      1.11     92.22
01:00:23 PM     all      2.20      0.00      2.20      0.00      0.00     95.60
01:00:24 PM     all      1.12      0.00      2.25      2.25      0.00     94.38
01:00:25 PM     all      4.40      0.00      5.49      7.69      1.10     81.32
01:00:26 PM     all      1.11      0.00      1.11      2.22      0.00     95.56
01:00:27 PM     all      1.10      0.00      1.10      2.20      0.00     95.60
01:00:28 PM     all      1.09      0.00      1.09      0.00      1.09     96.74
01:00:29 PM     all      2.20      0.00      1.10      1.10      0.00     95.60
01:00:30 PM     all      4.30      0.00      2.15      0.00      0.00     93.55
01:00:31 PM     all      2.15      0.00      2.15      0.00      1.08     94.62
01:00:32 PM     all      7.61      4.35     11.96      9.78      0.00     66.30
01:00:33 PM     all      2.25      0.00      5.62      3.37      1.12     87.64
01:00:34 PM     all      6.67      2.22      4.44      2.22      0.00     84.44
01:00:35 PM     all      3.37      1.12      3.37      4.49      0.00     87.64
01:00:36 PM     all      5.43      2.17      3.26      3.26      1.09     84.78
01:00:37 PM     all      1.14      0.00      3.41      0.00      0.00     95.45
01:00:38 PM     all      6.74      2.25      8.99      8.99      0.00     73.03
01:00:39 PM     all      2.20      2.20      4.40      4.40      1.10     85.71
01:00:40 PM     all      6.67      3.33      4.44      5.56      0.00     80.00
01:00:41 PM     all      2.27      2.27      3.41      1.14      0.00     90.91
01:00:42 PM     all      2.20      0.00      6.59      1.10      1.10     89.01
01:00:43 PM     all      2.22      2.22      3.33      1.11      0.00     91.11
01:00:44 PM     all      7.87      1.12      6.74      7.87      1.12     75.28
01:00:45 PM     all      3.33      1.11      4.44      8.89      0.00     82.22
01:00:46 PM     all      3.30      3.30      3.30      0.00      0.00     90.11
01:00:47 PM     all      2.20      0.00      5.49      2.20      1.10     89.01
01:00:48 PM     all      3.33      1.11      4.44      2.22      0.00     88.89
01:00:49 PM     all      1.08      1.08      7.53      1.08      1.08     88.17
01:00:50 PM     all     16.13      2.15      8.60      7.53      0.00     65.59
01:00:51 PM     all     10.11      0.00      3.37      2.25      0.00     84.27
01:00:52 PM     all      3.37      1.12      2.25      0.00      1.12     92.13
01:00:53 PM     all      3.37      0.00      4.49      2.25      0.00     89.89
01:00:54 PM     all      4.40      1.10      3.30      2.20      1.10     87.91
01:00:55 PM     all      5.43      1.09      5.43      3.26      0.00     84.78
01:00:56 PM     all      8.79      1.10      7.69     13.19      0.00     69.23
01:00:57 PM     all      4.35      1.09      5.43      4.35      0.00     84.78
01:00:58 PM     all      2.20      2.20      4.40      0.00      1.10     90.11
01:00:59 PM     all      5.49      0.00      4.40      0.00      0.00     90.11
01:01:00 PM     all     33.70      0.00      4.35      0.00      1.09     60.87
01:01:01 PM     all     15.22      3.26      3.26      1.09      0.00     77.17
01:01:02 PM     all      6.59      1.10     10.99      9.89      0.00     71.43
01:01:03 PM     all      7.78      1.11      1.11      0.00      1.11     88.89
01:01:04 PM     all      3.30      2.20      5.49      0.00      0.00     89.01
01:01:05 PM     all      2.13      1.06      6.38      3.19      1.06     86.17
01:01:06 PM     all      1.15      0.00      3.45      0.00      0.00     95.40
01:01:07 PM     all      4.44      2.22      3.33      0.00      0.00     90.00
01:01:08 PM     all      7.53      1.08      8.60      2.15      0.00     80.65
01:01:09 PM     all      4.44      1.11      3.33      6.67      1.11     83.33
01:01:10 PM     all      2.20      1.10      4.40      1.10      0.00     91.21
01:01:11 PM     all      2.17      1.09      5.43      1.09      1.09     89.13
01:01:12 PM     all      2.30      1.15      1.15      0.00      0.00     95.40
01:01:13 PM     all      2.15      1.08      7.53      0.00      0.00     89.25
01:01:14 PM     all      2.27      1.14      3.41      1.14      1.14     90.91
01:01:15 PM     all      7.53      3.23      9.68     10.75      0.00     68.82
01:01:16 PM     all      5.43      2.17      5.43      4.35      1.09     81.52
01:01:17 PM     all      2.20      1.10      4.40      5.49      0.00     86.81
01:01:18 PM     all      3.26      1.09      6.52     41.30      0.00     47.83
01:01:19 PM     all      3.37      1.12      4.49      0.00      1.12     89.89
01:01:20 PM     all      6.52      2.17      1.09      1.09      0.00     89.13
01:01:21 PM     all      2.15      1.08      4.30      2.15      0.00     90.32
01:01:22 PM     all      8.70      2.17      6.52      9.78      1.09     71.74
01:01:23 PM     all      2.22      0.00      6.67      1.11      0.00     90.00
01:01:24 PM     all      3.33      2.22      3.33      0.00      0.00     91.11
01:01:25 PM     all      1.11      1.11      4.44      1.11      1.11     91.11
01:01:26 PM     all      2.22      3.33      4.44      0.00      0.00     90.00
01:01:27 PM     all      0.00      0.00      3.41      2.27      1.14     93.18
01:01:28 PM     all     10.87      2.17     13.04      4.35      0.00     69.57
01:01:29 PM     all      9.89      0.00      5.49      4.40      0.00     80.22
01:01:30 PM     all     10.75      2.15      4.30      2.15      0.00     80.65
01:01:31 PM     all      3.37      1.12      2.25      0.00      1.12     92.13
01:01:32 PM     all      2.17      3.26      6.52      1.09      0.00     86.96
01:01:33 PM     all      3.30      1.10      3.30      0.00      1.10     91.21
01:01:34 PM     all     16.30      3.26      7.61     10.87      0.00     61.96
01:01:35 PM     all      2.22      0.00      4.44      3.33      0.00     90.00
01:01:36 PM     all      4.26      2.13      3.19      2.13      1.06     87.23
01:01:37 PM     all     10.75      2.15      4.30      5.38      0.00     77.42
01:01:38 PM     all      8.79      0.00      1.10      1.10      0.00     89.01
01:01:39 PM     all      2.13      0.00      2.13      0.00      1.06     94.68
01:01:40 PM     all      4.30      0.00      2.15      0.00      0.00     93.55
01:01:41 PM     all      9.47      0.00      4.21      7.37      0.00     78.95
01:01:42 PM     all      1.06      0.00      2.13      0.00      0.00     96.81
01:01:43 PM     all      2.13      0.00      2.13      0.00      1.06     94.68
01:01:44 PM     all      2.13      0.00      2.13      1.06      0.00     94.68
01:01:45 PM     all      2.13      0.00      1.06      0.00      1.06     95.74
01:01:46 PM     all      3.33      0.00      0.00      1.11      0.00     95.56
01:01:47 PM     all      3.26      0.00      2.17      0.00      0.00     94.57
01:01:48 PM     all      5.49      2.20      9.89     13.19      0.00     69.23
01:01:49 PM     all      3.30      2.20      3.30      8.79      1.10     81.32
01:01:50 PM     all      2.20      2.20      3.30      1.10      0.00     91.21
01:01:51 PM     all      3.33      2.22      4.44      2.22      1.11     86.67
01:01:52 PM     all      1.16      1.16      2.33      1.16      0.00     94.19
01:01:53 PM     all      3.45      1.15      1.15      0.00      0.00     94.25
01:01:54 PM     all     11.96      2.17      9.78      9.78      1.09     65.22
01:01:55 PM     all      6.67      0.00      4.44      5.56      0.00     83.33
01:01:56 PM     all      2.30      1.15      3.45      0.00      1.15     91.95
01:01:57 PM     all      2.15      0.00      5.38      4.30      0.00     88.17
01:01:58 PM     all      2.17      0.00      0.00      2.17      0.00     95.65
01:01:59 PM     all      3.26      0.00      0.00      0.00      0.00     96.74
01:02:00 PM     all      1.06      0.00      2.13      0.00      1.06     95.74
01:02:01 PM     all      6.45      0.00      6.45      7.53      0.00     79.57
01:02:02 PM     all      2.20      0.00      0.00      0.00      0.00     97.80
01:02:03 PM     all      2.08      0.00      4.17      3.12      1.04     89.58
01:02:04 PM     all      1.08      0.00      1.08      0.00      0.00     97.85
01:02:05 PM     all      1.11      0.00      0.00      0.00      0.00     98.89
01:02:06 PM     all      3.19      0.00      1.06      1.06      0.00     94.68
01:02:07 PM     all      3.26      0.00      2.17      1.09      1.09     92.39
01:02:08 PM     all      5.43      0.00      5.43      7.61      0.00     81.52
01:02:09 PM     all      2.17      0.00      1.09      0.00      1.09     95.65
01:02:10 PM     all      1.05      0.00      2.11      2.11      0.00     94.74
01:02:11 PM     all      1.10      0.00      1.10      0.00      0.00     97.80
01:02:12 PM     all      1.09      0.00      1.09      3.26      0.00     94.57
01:02:13 PM     all      3.33      0.00      0.00      0.00      1.11     95.56
01:02:14 PM     all      1.09      0.00      4.35      0.00      0.00     94.57
01:02:15 PM     all      7.78      2.22      7.78     14.44      0.00     67.78
01:02:16 PM     all      2.17      2.17      6.52      1.09      1.09     86.96
01:02:17 PM     all      2.22      1.11      5.56      1.11      0.00     90.00
01:02:18 PM     all      2.22      2.22      4.44      0.00      0.00     91.11
01:02:19 PM     all      1.09      1.09      6.52      1.09      1.09     89.13
01:02:20 PM     all      2.22      1.11      4.44      0.00      1.11     91.11
01:02:21 PM     all     11.96      2.17     11.96      7.61      0.00     66.30
01:02:22 PM     all     10.00      0.00      4.44      5.56      0.00     80.00
01:02:23 PM     all      6.67      1.11      2.22      5.56      0.00     84.44
01:02:24 PM     all      2.25      2.25      4.49      4.49      1.12     85.39
01:02:25 PM     all      3.33      2.22      2.22      1.11      0.00     91.11
01:02:26 PM     all      4.30      1.08      2.15      2.15      1.08     89.25
01:02:27 PM     all      2.33      1.16      1.16      3.49      0.00     91.86
01:02:28 PM     all      7.53      2.15      7.53      7.53      0.00     75.27
01:02:29 PM     all      2.17      2.17      4.35      3.26      1.09     86.96
01:02:30 PM     all      1.14      1.14      3.41      1.14      0.00     93.18
01:02:31 PM     all      4.35      2.17      4.35      1.09      1.09     86.96
01:02:32 PM     all      3.41      2.27      2.27      0.00      0.00     92.05
01:02:33 PM     all      3.37      1.12      5.62      1.12      0.00     88.76
01:02:34 PM     all      5.62      3.37      6.74      8.99      1.12     74.16
01:02:35 PM     all      2.30      0.00      3.45      3.45      0.00     90.80
01:02:36 PM     all      2.20      1.10      5.49      2.20      1.10     87.91
01:02:37 PM     all      1.15      1.15      4.60      2.30      0.00     90.80
01:02:38 PM     all      4.55      0.00      3.41      0.00      0.00     92.05
01:02:39 PM     all      1.08      2.15      4.30      2.15      1.08     89.25
01:02:40 PM     all      0.00      4.55      1.14      0.00      0.00     94.32
01:02:41 PM     all      8.60      2.15      7.53     12.90      1.08     67.74
01:02:42 PM     all      1.05      2.11      6.32      3.16      0.00     87.37
01:02:43 PM     all      5.56      1.11      3.33      0.00      0.00     90.00
01:02:44 PM     all      2.20      1.10      4.40      1.10      1.10     90.11
01:02:45 PM     all      3.37      2.25      4.49      2.25      0.00     87.64
01:02:46 PM     all      2.22      2.22      4.44      0.00      1.11     90.00
01:02:47 PM     all      8.79      2.20      7.69     10.99      0.00     70.33
01:02:48 PM     all      3.26      3.26      4.35      0.00      0.00     89.13
01:02:49 PM     all      1.12      1.12      3.37      2.25      1.12     91.01
01:02:50 PM     all      3.33      2.22      1.11      3.33      0.00     90.00
01:02:51 PM     all      3.23      3.23      5.38      1.08      0.00     87.10
01:02:52 PM     all      1.12      1.12      4.49      1.12      1.12     91.01
01:02:53 PM     all     26.67      1.11      7.78      0.00      0.00     64.44
01:02:54 PM     all     14.13      2.17      7.61      3.26      0.00     72.83
01:02:55 PM     all      3.37      1.12      4.49      1.12      1.12     88.76
01:02:56 PM     all      4.55      0.00      3.41      4.55      0.00     87.50
01:02:57 PM     all      4.49      0.00      3.37      0.00      1.12     91.01
01:02:58 PM     all      2.25      2.25      2.25      1.12      0.00     92.13
01:02:59 PM     all     14.29      2.20      6.59      9.89      0.00     67.03
01:03:00 PM     all      9.78      1.09      6.52      8.70      1.09     72.83
01:03:01 PM     all      5.38      3.23      7.53      1.08      0.00     82.80
01:03:02 PM     all      4.35      3.26      2.17      2.17      1.09     86.96
01:03:03 PM     all      3.37      1.12      3.37      3.37      0.00     88.76
01:03:04 PM     all      2.15      3.23      4.30      0.00      0.00     90.32
01:03:05 PM     all     42.55      1.06      6.38      1.06      0.00     48.94
01:03:06 PM     all     59.18      1.02      7.14      1.02      1.02     30.61
01:03:07 PM     all      2.22      1.11      6.67      1.11      0.00     88.89
01:03:08 PM     all      4.26      2.13      7.45      0.00      1.06     85.11
01:03:09 PM     all     32.61      0.00      3.26      1.09      0.00     63.04
01:03:10 PM     all      3.33      1.11      4.44      1.11      0.00     90.00
01:03:11 PM     all      7.95      0.00     10.23      5.68      0.00     76.14
01:03:12 PM     all      2.20      2.20      3.30      2.20      1.10     89.01
01:03:13 PM     all      3.37      1.12      3.37      1.12      0.00     91.01
01:03:14 PM     all      3.26      1.09      3.26      1.09      1.09     90.22
01:03:15 PM     all      1.15      0.00      3.45      1.15      0.00     94.25
01:03:16 PM     all      1.09      2.17      3.26      0.00      0.00     93.48
01:03:17 PM     all      7.95      1.14      3.41      6.82      1.14     79.55
01:03:18 PM     all      7.95      1.14      5.68     10.23      0.00     75.00
01:03:19 PM     all      3.33      2.22      2.22      2.22      1.11     88.89
01:03:20 PM     all      3.30      1.10      6.59      1.10      0.00     87.91
01:03:21 PM     all      4.30      1.08      5.38      5.38      0.00     83.87
01:03:22 PM     all      3.33      0.00      0.00      0.00      1.11     95.56
01:03:23 PM     all      2.22      1.11      1.11      1.11      0.00     94.44
01:03:24 PM     all      8.70      0.00      4.35     10.87      1.09     75.00
01:03:25 PM     all      1.10      0.00      3.30      0.00      0.00     95.60
01:03:26 PM     all      5.38      0.00      3.23      2.15      0.00     89.25
01:03:27 PM     all      2.17      0.00      2.17      0.00      0.00     95.65
01:03:28 PM     all      1.11      0.00      1.11      0.00      1.11     96.67
01:03:29 PM     all      2.17      0.00      2.17      0.00      0.00     95.65
01:03:30 PM     all      5.21      0.00      5.21      8.33      0.00     81.25
01:03:31 PM     all      1.10      0.00      0.00      0.00      1.10     97.80
01:03:32 PM     all      2.11      0.00      2.11      2.11      0.00     93.68
01:03:33 PM     all      2.22      0.00      1.11      0.00      0.00     96.67
01:03:34 PM     all      2.20      0.00      1.10      0.00      0.00     96.70
01:03:35 PM     all     25.53      0.00      1.06      0.00      1.06     72.34
01:03:36 PM     all     10.00      0.00      0.00      0.00      0.00     90.00
01:03:37 PM     all      9.68      0.00      7.53     10.75      0.00     72.04
01:03:38 PM     all      1.09      0.00      2.17      0.00      1.09     95.65
01:03:39 PM     all      2.17      0.00      2.17      3.26      0.00     92.39
01:03:40 PM     all      2.25      0.00      0.00      0.00      0.00     97.75
01:03:41 PM     all      2.17      0.00      1.09      0.00      1.09     95.65
01:03:42 PM     all      1.06      0.00      3.19      0.00      0.00     95.74
01:03:43 PM     all     10.99      0.00      2.20      2.20      0.00     84.62
01:03:44 PM     all      6.67      0.00      4.44      6.67      1.11     81.11
01:03:45 PM     all     13.04      0.00      1.09      3.26      0.00     82.61
01:03:46 PM     all      2.22      0.00      0.00      0.00      0.00     97.78
01:03:47 PM     all      2.17      0.00      3.26      0.00      1.09     93.48
01:03:48 PM     all      2.20      0.00      3.30      2.20      0.00     92.31
01:03:49 PM     all      6.45      0.00      6.45      8.60      0.00     78.49
01:03:50 PM     all      2.13      0.00      1.06      0.00      1.06     95.74
01:03:51 PM     all      2.13      0.00      1.06      2.13      0.00     94.68
01:03:52 PM     all      3.30      0.00      0.00      0.00      0.00     96.70
01:03:53 PM     all      3.16      0.00      2.11      3.16      0.00     91.58
01:03:54 PM     all      3.23      0.00      1.08      0.00      1.08     94.62
01:03:55 PM     all      3.23      0.00      2.15      0.00      0.00     94.62
01:03:56 PM     all      5.56      0.00      4.44      8.89      1.11     80.00
01:03:57 PM     all      4.35      0.00      3.26      1.09      0.00     91.30
01:03:58 PM     all      5.56      0.00      1.11      2.22      0.00     91.11
01:03:59 PM     all      0.00      0.00      1.12      0.00      0.00     98.88
01:04:00 PM     all      2.22      0.00      0.00      0.00      1.11     96.67
01:04:01 PM     all      0.00      0.00      3.23      0.00      0.00     96.77
01:04:02 PM     all      5.38      0.00      5.38      7.53      0.00     81.72
01:04:03 PM     all      2.20      0.00      0.00      0.00      1.10     96.70
01:04:04 PM     all      2.17      0.00      1.09      3.26      0.00     93.48
01:04:05 PM     all      2.17      0.00      1.09      1.09      0.00     95.65
01:04:06 PM     all      0.00      0.00      0.00      0.00      0.00    100.00
01:04:07 PM     all      0.00      0.00      0.00      0.00      0.00    100.00
01:04:08 PM     all      0.00      0.00      0.00      0.00      0.00    100.00
01:04:09 PM     all      0.00      0.00      0.00      0.00      0.00    100.00
01:04:10 PM     all      0.00      0.00      0.00      0.00      0.00    100.00
01:04:11 PM     all      0.00      0.00      0.00      0.00      0.00    100.00
01:04:12 PM     all      0.00      0.00      0.00      0.00      0.00    100.00
01:04:13 PM     all      0.00      0.00      0.00      0.00      0.00    100.00
01:04:14 PM     all      1.00      0.00      0.00      2.00      0.00     97.00
01:04:15 PM     all      0.00      0.00      0.00      0.00      0.00    100.00
01:04:16 PM     all      0.00      0.00      0.00      0.00      0.00    100.00
01:04:17 PM     all      0.00      0.00      0.99      0.00      0.00     99.01
01:04:18 PM     all      0.00      0.00      0.00      0.00      0.00    100.00
01:04:19 PM     all      0.00      0.00      1.00      0.00      0.00     99.00
01:04:20 PM     all      0.00      0.00      0.00      0.00      0.00    100.00
01:04:21 PM     all      0.00      0.00      0.00      0.00      0.00    100.00
01:04:22 PM     all      0.00      0.00      0.00      0.00      0.00    100.00
01:04:23 PM     all      0.00      0.98      0.98      0.00      0.00     98.04
01:04:24 PM     all      0.00      0.00      0.00      0.00      0.00    100.00
01:04:25 PM     all      0.99      0.00      0.00      0.99      0.00     98.02
01:04:26 PM     all      0.00      0.00      0.00      0.00      0.00    100.00
01:04:27 PM     all      0.00      0.00      0.00      0.00      0.00    100.00
01:04:28 PM     all      0.00      0.00      0.00      0.00      0.00    100.00
01:04:29 PM     all      0.00      0.00      0.00      0.00      0.00    100.00
01:04:30 PM     all      0.00      0.00      0.00      0.00      0.00    100.00
01:04:31 PM     all      0.00      0.00      0.00      0.00      0.00    100.00
01:04:32 PM     all      0.00      0.00      0.00      0.00      0.99     99.01
01:04:33 PM     all      0.00      0.00      0.00      0.00      0.00    100.00
01:04:34 PM     all      0.00      0.00      0.00      0.00      0.00    100.00
01:04:35 PM     all      0.00      0.00      0.00      0.00      0.00    100.00
01:04:36 PM     all      0.00      0.00      0.00      0.00      0.00    100.00
01:04:37 PM     all      0.00      0.00      0.00      0.00      0.00    100.00
01:04:38 PM     all      0.00      0.00      0.00      0.00      0.00    100.00
01:04:39 PM     all      0.00      0.00      0.00      0.00      0.00    100.00
01:04:40 PM     all      0.00      0.00      0.00      0.00      0.00    100.00
01:04:41 PM     all      0.00      0.00      0.00      1.00      0.00     99.00
01:04:42 PM     all      0.00      0.00      0.00      0.00      0.00    100.00
01:04:43 PM     all      0.00      0.00      0.00      0.00      0.00    100.00
01:04:44 PM     all      0.00      0.00      0.00      0.00      0.00    100.00
01:04:45 PM     all      0.00      0.00      0.00      0.00      0.00    100.00
01:04:46 PM     all      0.00      0.00      0.00      0.00      0.00    100.00
01:04:47 PM     all      0.00      0.00      0.00      0.00      0.00    100.00
01:04:48 PM     all      0.00      0.00      0.00      0.00      0.00    100.00
01:04:49 PM     all      0.00      0.00      0.00      0.00      0.00    100.00
01:04:50 PM     all      0.00      0.00      0.00      0.00      0.00    100.00
01:04:51 PM     all      1.00      0.00      0.00      0.00      0.00     99.00
01:04:52 PM     all      0.00      0.00      0.00      0.00      0.00    100.00
01:04:53 PM     all      0.00      0.00      0.00      0.00      0.00    100.00
01:04:54 PM     all      0.00      0.00      0.00      0.00      0.00    100.00
01:04:55 PM     all      0.00      0.00      0.00      0.00      0.00    100.00
01:04:56 PM     all      0.00      0.00      1.00      0.00      0.00     99.00
01:04:57 PM     all      9.28      0.00      1.03      1.03      0.00     88.66
01:04:58 PM     all     69.15      0.00      5.32      3.19      0.00     22.34
01:04:59 PM     all     93.00      0.00      7.00      0.00      0.00      0.00
01:05:00 PM     all     91.00      0.00      9.00      0.00      0.00      0.00
01:05:01 PM     all     79.59      0.00      7.14     13.27      0.00      0.00
01:05:02 PM     all     57.73      0.00      6.19     26.80      0.00      9.28
01:05:03 PM     all     45.65      0.00      4.35     11.96      1.09     36.96
01:05:04 PM     all     43.01      5.38     13.98      8.60      0.00     29.03
01:05:05 PM     all     51.11      2.22      8.89     14.44      0.00     23.33
01:05:06 PM     all     41.49      3.19     11.70      7.45      0.00     36.17
01:05:07 PM     all     17.05      2.27      5.68      9.09      1.14     64.77
01:05:08 PM     all     22.99      1.15      6.90      6.90      0.00     62.07
01:05:09 PM     all     15.56      2.22      8.89      8.89      1.11     63.33
01:05:10 PM     all     31.40      2.33      6.98     12.79      0.00     46.51
01:05:11 PM     all     25.88      0.00     10.59     23.53      0.00     40.00
01:05:12 PM     all     26.97      2.25      8.99     23.60      1.12     37.08
01:05:13 PM     all     70.53      1.05      6.32      4.21      0.00     17.89
01:05:14 PM     all     49.47      1.05     10.53      7.37      0.00     31.58
01:05:15 PM     all     52.63      1.05     10.53     10.53      1.05     24.21
01:05:16 PM     all     44.83      1.15      8.05     25.29      0.00     20.69
01:05:17 PM     all      9.52      3.57      8.33     26.19      0.00     52.38
01:05:18 PM     all     28.09      1.12      7.87     12.36      1.12     49.44
01:05:19 PM     all      7.23      2.41      7.23     18.07      0.00     65.06
01:05:20 PM     all      6.90      1.15      8.05     16.09      1.15     66.67
01:05:21 PM     all     24.42      1.16      8.14     20.93      0.00     45.35
01:05:22 PM     all      4.94      2.47      4.94      8.64      1.23     77.78
01:05:23 PM     all     18.89      3.33     10.00     14.44      0.00     53.33
01:05:24 PM     all     24.14      3.45      9.20     26.44      1.15     35.63
01:05:25 PM     all     22.73      2.27     14.77     29.55      0.00     30.68
01:05:26 PM     all     15.91      3.41      7.95     15.91      1.14     55.68
01:05:27 PM     all      4.65      0.00      1.16      8.14      0.00     86.05
01:05:28 PM     all     35.96      0.00      5.62     19.10      1.12     38.20
01:05:29 PM     all      8.33      0.00      4.76     59.52      0.00     27.38
01:05:30 PM     all      8.24      0.00      3.53     10.59      0.00     77.65
01:05:31 PM     all     20.45      0.00      9.09     20.45      1.14     48.86
01:05:32 PM     all     20.00      0.00      9.41     27.06      0.00     43.53
01:05:33 PM     all     12.64      0.00      6.90     43.68      1.15     35.63
01:05:34 PM     all     11.49      0.00      6.90     10.34      0.00     71.26
01:05:35 PM     all     19.54      0.00      6.90     31.03      1.15     41.38
01:05:36 PM     all     16.28      0.00      4.65     12.79      0.00     66.28
01:05:37 PM     all     10.23      0.00      5.68     19.32      1.14     63.64
01:05:38 PM     all      6.00      0.00      1.00      1.00      0.00     92.00
01:05:39 PM     all      0.00      0.00      0.00      0.00      0.00    100.00
01:05:40 PM     all      2.02      0.00      0.00      0.00      0.00     97.98
01:05:41 PM     all      0.00      0.00      0.00      1.00      0.00     99.00
01:05:42 PM     all      1.00      0.00      0.00      0.00      0.00     99.00
01:05:43 PM     all      0.00      0.00      0.00      0.00      0.00    100.00
01:05:44 PM     all      1.00      0.00      0.00      0.00      0.00     99.00
01:05:45 PM     all      1.01      0.00      0.00      0.00      0.00     98.99
01:05:46 PM     all      0.00      0.00      0.00      1.01      0.00     98.99
01:05:47 PM     all      1.00      0.00      0.00      0.00      0.00     99.00
01:05:48 PM     all      1.01      0.00      0.00      1.01      0.00     97.98
01:05:49 PM     all      0.00      0.00      0.00      0.00      0.00    100.00
01:05:50 PM     all      1.00      0.00      0.00      0.00      0.00     99.00
01:05:51 PM     all      0.00      0.00      0.00      0.00      0.00    100.00
01:05:52 PM     all      1.00      0.00      0.00      0.00      0.00     99.00
01:05:53 PM     all      2.08      0.00      1.04      2.08      0.00     94.79
01:05:54 PM     all      0.00      0.00      0.00      0.00      0.00    100.00
01:05:55 PM     all      0.99      0.99      0.00      0.99      0.00     97.03
01:05:56 PM     all      0.00      0.00      0.00      0.00      0.00    100.00
01:05:57 PM     all      1.00      0.00      0.00      0.00      0.00     99.00
01:05:58 PM     all     43.30      0.00      0.00      1.03      0.00     55.67
01:05:59 PM     all     39.33      0.00      5.62     17.98      1.12     35.96
01:06:00 PM     all     18.60      0.00      6.98     22.09      0.00     52.33
01:06:01 PM     all      8.60      0.00      3.23     12.90      1.08     74.19
01:06:02 PM     all      9.20      0.00      3.45     42.53      0.00     44.83
01:06:03 PM     all     65.26      0.00      9.47      5.26      0.00     20.00
01:06:04 PM     all     56.25      0.00      4.17     37.50      0.00      2.08
01:06:05 PM     all     23.33      0.00      6.67     68.89      1.11      0.00
01:06:06 PM     all     51.09      7.61     13.04     11.96      0.00     16.30
01:06:07 PM     all     20.45      7.95      6.82     11.36      0.00     53.41
01:06:08 PM     all     19.32      3.41      9.09     28.41      1.14     38.64
01:06:09 PM     all     19.10      3.37     10.11     26.97      0.00     40.45
01:06:10 PM     all     22.47      0.00      6.74      6.74      0.00     64.04
01:06:11 PM     all     19.35      0.00      4.30      6.45      1.08     68.82
01:06:12 PM     all     10.71      0.00      5.95     23.81      0.00     59.52
01:06:13 PM     all     13.48      0.00      4.49     24.72      1.12     56.18
01:06:14 PM     all     14.77      0.00      5.68     18.18      0.00     61.36
01:06:15 PM     all      9.30      0.00      5.81     34.88      1.16     48.84
01:06:16 PM     all     13.95      0.00      6.98     13.95      0.00     65.12
01:06:17 PM     all     47.92      0.00     14.58     25.00      1.04     11.46
01:06:18 PM     all     80.61      0.00      7.14      8.16      0.00      4.08
01:06:19 PM     all     12.22      0.00      6.67     45.56      0.00     35.56
01:06:20 PM     all     20.48      0.00      7.23     25.30      0.00     46.99
01:06:21 PM     all     18.89      0.00      7.78     25.56      1.11     46.67
01:06:22 PM     all     20.22      0.00      6.74     10.11      0.00     62.92
01:06:23 PM     all     13.33      0.00      4.44     32.22      1.11     48.89
01:06:24 PM     all     12.50      0.00      6.82     35.23      0.00     45.45
01:06:25 PM     all     15.29      0.00      5.88     23.53      0.00     55.29
01:06:26 PM     all      8.14      0.00      3.49     41.86      1.16     45.35
01:06:27 PM     all     13.33      0.00      6.67     15.56      1.11     63.33
01:06:28 PM     all     10.34      0.00      6.90     11.49      0.00     71.26
01:06:29 PM     all     60.64      0.00      8.51      6.38      0.00     24.47
01:06:30 PM     all     23.86      0.00      5.68     34.09      0.00     36.36
01:06:31 PM     all     22.22      0.00      4.44     11.11      1.11     61.11
01:06:32 PM     all     33.33      0.00      7.78      8.89      0.00     50.00
01:06:33 PM     all      8.14      0.00      8.14     63.95      1.16     18.60
01:06:34 PM     all      9.09      0.00      5.68     77.27      0.00      7.95
01:06:35 PM     all     31.52      0.00      5.43      3.26      0.00     59.78
01:06:36 PM     all     28.26      0.00      4.35      6.52      1.09     59.78
01:06:37 PM     all     24.44      0.00      7.78     41.11      0.00     26.67
01:06:38 PM     all     17.44      0.00      6.98     13.95      1.16     60.47
01:06:39 PM     all      4.60      0.00      5.75     10.34      0.00     79.31
01:06:40 PM     all      9.64      0.00      4.82     31.33      1.20     53.01
01:06:41 PM     all     43.33      0.00      6.67     21.11      0.00     28.89
01:06:42 PM     all     20.22      0.00      4.49     30.34      1.12     43.82
01:06:43 PM     all      0.00      0.00      0.00      0.00      0.00    100.00
01:06:44 PM     all      1.00      0.00      0.00      2.00      0.00     97.00
01:06:45 PM     all      0.99      0.00      0.99      0.00      0.00     98.02
01:06:46 PM     all      0.00      0.00      0.00      0.00      0.00    100.00
01:06:47 PM     all      0.00      0.00      0.00      0.00      0.00    100.00
01:06:48 PM     all      0.00      0.00      0.00      0.00      0.00    100.00
01:06:49 PM     all      1.00      0.00      0.00      0.00      0.00     99.00
01:06:50 PM     all      0.00      0.00      0.00      0.00      0.00    100.00
01:06:51 PM     all      0.00      0.00      0.00      0.00      0.00    100.00
01:06:52 PM     all      0.00      0.00      0.00      0.00      0.00    100.00
01:06:53 PM     all      1.00      0.00      0.00      0.00      0.00     99.00
01:06:54 PM     all      1.00      0.00      0.00      0.00      0.00     99.00
01:06:55 PM     all      0.00      0.00      0.00      0.99      0.00     99.01
01:06:56 PM     all      0.00      0.00      1.00      0.00      0.00     99.00
01:06:57 PM     all      0.00      0.00      0.00      0.00      0.00    100.00
01:06:58 PM     all      0.98      0.00      0.98      0.00      0.00     98.04
01:06:59 PM     all      0.00      0.00      0.00      0.00      0.00    100.00
01:07:00 PM     all      1.00      0.00      0.00      0.00      0.00     99.00
01:07:01 PM     all      0.00      0.00      0.00      0.00      0.00    100.00
01:07:02 PM     all      0.00      0.00      0.00      0.00      0.00    100.00
01:07:03 PM     all      1.00      0.00      0.00      0.00      0.00     99.00
01:07:04 PM     all      0.00      0.00      0.00      0.00      0.00    100.00
01:07:05 PM     all      0.00      0.00      0.00      0.00      0.00    100.00
01:07:06 PM     all      0.99      0.00      0.00      0.00      0.00     99.01
01:07:07 PM     all      0.00      0.00      0.00      0.00      0.00    100.00
01:07:08 PM     all      0.00      0.00      0.00      0.00      0.00    100.00
01:07:09 PM     all      1.00      0.00      0.00      0.00      0.00     99.00
01:07:10 PM     all      0.00      0.00      0.00      0.00      0.00    100.00
01:07:11 PM     all      1.01      0.00      0.00      0.00      0.00     98.99
01:07:12 PM     all      0.00      0.00      0.00      0.00      0.00    100.00
01:07:13 PM     all      1.00      0.00      0.00      0.00      0.00     99.00
01:07:14 PM     all      0.00      0.00      0.00      0.00      0.00    100.00
01:07:15 PM     all      0.99      0.00      0.00      0.00      0.00     99.01
01:07:16 PM     all      0.00      0.00      0.00      0.00      0.00    100.00
01:07:17 PM     all      0.00      0.00      0.00      0.00      0.00    100.00
01:07:18 PM     all      0.00      0.00      0.00      0.00      0.00    100.00
01:07:19 PM     all      1.00      0.00      0.00      0.00      0.00     99.00
01:07:20 PM     all      0.00      0.00      0.00      0.00      1.00     99.00
01:07:21 PM     all      1.00      0.00      0.00      0.00      0.00     99.00
01:07:22 PM     all      0.00      0.00      0.00      0.00      0.00    100.00
01:07:23 PM     all      0.00      0.00      0.00      0.00      0.00    100.00
01:07:24 PM     all      1.01      0.00      0.00      0.00      0.00     98.99
01:07:25 PM     all      0.99      0.00      0.00      0.99      0.00     98.02
01:07:26 PM     all      0.00      0.00      0.00      0.00      0.00    100.00
01:07:27 PM     all      0.99      0.00      0.00      0.00      0.00     99.01
01:07:28 PM     all      0.00      0.00      0.00      0.00      0.00    100.00
01:07:29 PM     all      0.00      0.00      0.00      0.00      0.00    100.00
01:07:30 PM     all      0.00      0.00      0.00      0.00      0.00    100.00
01:07:31 PM     all      1.00      0.00      0.00      0.00      0.00     99.00
01:07:32 PM     all      0.00      0.00      1.00      0.00      0.00     99.00
01:07:33 PM     all      0.00      0.00      0.00      0.00      0.00    100.00
01:07:34 PM     all      0.99      0.00      0.99      0.00      0.00     98.02
01:07:35 PM     all     10.00      0.00      0.00      0.00      0.00     90.00
01:07:36 PM     all      0.00      0.00      0.00      0.00      0.00    100.00
01:07:37 PM     all      0.00      0.00      1.00      0.00      0.00     99.00
01:07:38 PM     all      1.00      0.00      0.00      0.00      0.00     99.00
01:07:39 PM     all      1.00      0.00      0.00      0.00      0.00     99.00
01:07:40 PM     all      0.00      0.00      0.00      0.00      0.00    100.00
01:07:41 PM     all      1.00      0.00      0.00      0.00      0.00     99.00
01:07:42 PM     all      0.00      0.00      0.00      0.00      0.00    100.00
01:07:43 PM     all      0.99      0.00      0.00      0.00      0.00     99.01
01:07:44 PM     all      0.00      0.00      1.01      0.00      0.00     98.99
01:07:45 PM     all      0.00      0.00      1.00      0.00      0.00     99.00
01:07:46 PM     all      0.00      0.00      0.00      0.00      0.00    100.00
01:07:47 PM     all      0.00      0.00      0.00      0.00      0.00    100.00
01:07:48 PM     all      1.00      0.00      0.00      0.00      0.00     99.00
01:07:49 PM     all      0.99      0.00      0.00      0.00      0.99     98.02
01:07:50 PM     all      0.00      0.00      0.00      0.00      0.00    100.00
01:07:51 PM     all      0.00      0.00      0.00      1.00      0.00     99.00
01:07:52 PM     all      0.00      0.00      0.00      0.00      0.00    100.00
01:07:53 PM     all     12.00      0.00      0.00      0.00      0.00     88.00
01:07:54 PM     all      1.01      0.00      0.00      0.00      0.00     98.99
01:07:55 PM     all      0.00      0.00      0.00      0.00      0.00    100.00
01:07:56 PM     all      0.00      0.00      0.00      0.00      0.00    100.00
01:07:57 PM     all      0.00      0.00      0.00      0.00      0.00    100.00
01:07:58 PM     all      1.00      0.00      0.00      0.00      0.00     99.00
01:07:59 PM     all      0.00      0.00      0.00      0.00      0.00    100.00
01:08:00 PM     all      0.00      0.00      0.00      0.00      0.00    100.00
01:08:01 PM     all      0.00      0.00      0.00      1.01      0.00     98.99
01:08:02 PM     all      0.00      0.00      0.00      0.00      0.00    100.00
01:08:03 PM     all      0.99      0.00      0.00      0.99      0.00     98.02
